<?xml version="1.0" encoding="UTF-8"?>
<project xmlns="http://maven.apache.org/POM/4.0.0" xmlns:xsi="http://www.w3.org/2001/XMLSchema-instance" xsi:schemaLocation="http://maven.apache.org/POM/4.0.0 http://maven.apache.org/maven-v4_0_0.xsd">
  <modelVersion>4.0.0</modelVersion>
  <groupId>com.solibri</groupId>
  <artifactId>smc-api-view-examples</artifactId>
  <name>Solibri API View Examples</name>
  <version>1.0.0</version>
  <build>
    <plugins>
      <plugin>
        <artifactId>maven-compiler-plugin</artifactId>
        <version>${maven-compiler-plugin.version}</version>
        <configuration>
          <release>11</release>
          <encoding>UTF-8</encoding>
          <forceJavacCompilerUse>true</forceJavacCompilerUse>
        </configuration>
      </plugin>
      <plugin>
        <artifactId>maven-jar-plugin</artifactId>
        <version>${maven-jar-plugin.version}</version>
        <configuration>
          <outputDirectory>${smc-dir}/lib</outputDirectory>
        </configuration>
      </plugin>
      <plugin>
        <artifactId>maven-shade-plugin</artifactId>
        <version>3.2.1</version>
        <executions>
          <execution>
            <phase>package</phase>
            <goals>
              <goal>shade</goal>
            </goals>
            <configuration>
              <transformers>
                <transformer>
                  <resource>META-INF/services/java.sql.Driver</resource>
                </transformer>
              </transformers>
            </configuration>
          </execution>
        </executions>
      </plugin>
    </plugins>
  </build>
  <profiles>
    <profile>
      <id>platform-mac</id>
      <properties>
        <smc-dir>/Applications/Solibri</smc-dir>
      </properties>
    </profile>
  </profiles>
  <dependencies>
    <dependency>
      <groupId>com.solibri.smc</groupId>
      <artifactId>smc-api</artifactId>
      <version>1.0</version>
      <scope>system</scope>
      <systemPath>${smc-dir}/lib/smc-api.jar</systemPath>
    </dependency>
    <dependency>
      <groupId>com.solibri.smc</groupId>
      <artifactId>smc-geometry</artifactId>
      <version>1.0</version>
      <scope>system</scope>
      <systemPath>${smc-dir}/lib/smc-geometry.jar</systemPath>
    </dependency>
    <dependency>
      <groupId>org.slf4j</groupId>
      <artifactId>slf4j-api</artifactId>
      <version>1.7.36</version>
      <scope>system</scope>
      <systemPath>${smc-dir}/lib/slf4j-api.jar</systemPath>
    </dependency>
  </dependencies>
  <dependencyManagement>
    <dependencies>
      <dependency>
        <groupId>com.google.http-client</groupId>
        <artifactId>google-http-client-gson</artifactId>
        <version>${google-http-client.version}</version>
      </dependency>
    </dependencies>
  </dependencyManagement>
  <properties>
    <google-http-client.version>1.43.3</google-http-client.version>
    <google-api-client.version>2.4.0</google-api-client.version>
    <maven-jar-plugin.version>3.3.0</maven-jar-plugin.version>
    <google.client.version>1.34.1</google.client.version>
    <sqlite-jdbc.version>3.45.3.0</sqlite-jdbc.version>
    <poi.version>5.2.3</poi.version>
    <maven-compiler-plugin.version>3.11.0</maven-compiler-plugin.version>
    <slf4j-api.version>1.7.15</slf4j-api.version>
    <javafx.version>20</javafx.version>
    <smc-dir>D:/Program/solibri/SOLIBRI</smc-dir>
    <httpclient.version>4.5.14</httpclient.version>
  </properties>
</project>
